mean_fit_time,std_fit_time,mean_score_time,std_score_time,param_colsample_bytree,param_eta,param_max_depth,param_subsample,params,split0_test_score,split1_test_score,split2_test_score,split3_test_score,split4_test_score,mean_test_score,std_test_score,rank_test_score
0.04895591735839844,0.005711822074398367,0.0037482738494873046,0.0013542982332601474,0.7,0.01,3,0.7,"{'colsample_bytree': 0.7, 'eta': 0.01, 'max_depth': 3, 'subsample': 0.7}",0.807351940095303,0.8196051735874744,0.8038147138964578,0.803133514986376,0.8010899182561307,0.8069990521643484,0.00661874729311065,208
0.047193717956542966,0.00766784229002928,0.004120683670043946,0.003142006709135576,0.7,0.01,3,0.8,"{'colsample_bytree': 0.7, 'eta': 0.01, 'max_depth': 3, 'subsample': 0.8}",0.8080326752893124,0.8182437031994554,0.8017711171662125,0.803133514986376,0.7935967302452316,0.8049555481773176,0.00810588583417505,212
0.04722375869750976,0.010494125094009547,0.002956533432006836,0.00139684607130158,0.7,0.01,3,1.0,"{'colsample_bytree': 0.7, 'eta': 0.01, 'max_depth': 3, 'subsample': 1.0}",0.810074880871341,0.8121170864533697,0.8004087193460491,0.803133514986376,0.7956403269754768,0.8042749057265226,0.00609828878278663,214
0.05119819641113281,0.013745566251172403,0.003421974182128906,0.0017195192385243414,0.7,0.01,4,0.7,"{'colsample_bytree': 0.7, 'eta': 0.01, 'max_depth': 4, 'subsample': 0.7}",0.8230088495575221,0.8366235534377128,0.8160762942779292,0.8222070844686649,0.8065395095367848,0.8208910582557227,0.009827281134030674,199
0.06086497306823731,0.008632751040361188,0.002608585357666016,0.0011417427928812024,0.7,0.01,4,0.8,"{'colsample_bytree': 0.7, 'eta': 0.01, 'max_depth': 4, 'subsample': 0.8}",0.820285908781484,0.8386657590197413,0.8153950953678474,0.8188010899182562,0.8072207084468664,0.8200737123068389,0.010338452115755077,202
0.05547595024108887,0.0066510171435301335,0.0026552677154541016,0.0012921796944254382,0.7,0.01,4,1.0,"{'colsample_bytree': 0.7, 'eta': 0.01, 'max_depth': 4, 'subsample': 1.0}",0.8236895847515316,0.8359428182437032,0.8167574931880109,0.8160762942779292,0.8092643051771117,0.8203460991276573,0.009037167991235558,201
0.09532842636108399,0.05897625980622082,0.003964996337890625,0.0019106378660971083,0.7,0.01,5,0.7,"{'colsample_bytree': 0.7, 'eta': 0.01, 'max_depth': 5, 'subsample': 0.7}",0.8270932607215793,0.8413886997957795,0.8208446866485014,0.8167574931880109,0.8188010899182562,0.8249770460544255,0.00890618460198277,183
0.08120098114013671,0.004873848190486008,0.0028759002685546874,0.0009356585375760029,0.7,0.01,5,0.8,"{'colsample_bytree': 0.7, 'eta': 0.01, 'max_depth': 5, 'subsample': 0.8}",0.8236895847515316,0.8400272294077604,0.8235694822888283,0.8167574931880109,0.8201634877384196,0.8248414554749102,0.008009822473548056,184
0.08097562789916993,0.011855704570781918,0.003031635284423828,0.001177909894937146,0.7,0.01,5,1.0,"{'colsample_bytree': 0.7, 'eta': 0.01, 'max_depth': 5, 'subsample': 1.0}",0.8250510551395507,0.8373042886317222,0.8242506811989101,0.8194822888283378,0.8160762942779292,0.82443292161529,0.007217054453745643,185
0.10855002403259277,0.011789779162029066,0.005488920211791992,0.002278864018240393,0.7,0.01,6,0.7,"{'colsample_bytree': 0.7, 'eta': 0.01, 'max_depth': 6, 'subsample': 0.7}",0.8284547311095983,0.8420694349897889,0.8235694822888283,0.8201634877384196,0.8222070844686649,0.8272928441190599,0.007877229412455661,172
0.11326637268066406,0.01148981633105783,0.004758119583129883,0.0011630302178741367,0.7,0.01,6,0.8,"{'colsample_bytree': 0.7, 'eta': 0.01, 'max_depth': 6, 'subsample': 0.8}",0.8311776718856365,0.8400272294077604,0.8249318801089919,0.8208446866485014,0.8235694822888283,0.8281101900679436,0.006854669832997565,166
0.10922913551330567,0.010715926822159444,0.004256677627563476,0.0025006624720950873,0.7,0.01,6,1.0,"{'colsample_bytree': 0.7, 'eta': 0.01, 'max_depth': 6, 'subsample': 1.0}",0.8270932607215793,0.8359428182437032,0.8317438692098093,0.8228882833787466,0.8222070844686649,0.8279750632045006,0.005246170076961399,167
0.14348783493041992,0.005857102018737152,0.005598211288452148,0.0017625751375039663,0.7,0.01,7,0.7,"{'colsample_bytree': 0.7, 'eta': 0.01, 'max_depth': 7, 'subsample': 0.7}",0.8291354663036079,0.8359428182437032,0.8269754768392371,0.8262942779291553,0.8242506811989101,0.8285197441029227,0.004026003047158088,158
0.16515564918518066,0.005127288605242016,0.007265949249267578,0.002751028628846507,0.7,0.01,7,0.8,"{'colsample_bytree': 0.7, 'eta': 0.01, 'max_depth': 7, 'subsample': 0.8}",0.8291354663036079,0.8379850238257318,0.8242506811989101,0.8235694822888283,0.8235694822888283,0.8277020271811812,0.005547295041252184,169
0.17167015075683595,0.02190167307540224,0.003980207443237305,0.00039790703457216097,0.7,0.01,7,1.0,"{'colsample_bytree': 0.7, 'eta': 0.01, 'max_depth': 7, 'subsample': 1.0}",0.8209666439754936,0.8373042886317222,0.8337874659400545,0.8215258855585831,0.8147138964577657,0.8256596361127239,0.008492123826562453,181
0.1935424327850342,0.020154346097234543,0.0047721385955810545,0.0001451474921514599,0.7,0.01,8,0.7,"{'colsample_bytree': 0.7, 'eta': 0.01, 'max_depth': 8, 'subsample': 0.7}",0.831858407079646,0.8379850238257318,0.8317438692098093,0.829700272479564,0.8242506811989101,0.8311076507587323,0.004410564917073001,133
0.20526466369628907,0.017819298242037693,0.007630586624145508,0.003569837676364626,0.7,0.01,8,0.8,"{'colsample_bytree': 0.7, 'eta': 0.01, 'max_depth': 8, 'subsample': 0.8}",0.8332198774676651,0.8413886997957795,0.8310626702997275,0.8269754768392371,0.8256130790190735,0.8316519606842965,0.005584752593296572,125
0.23128690719604492,0.008180228155605514,0.007391023635864258,0.003343810184823017,0.7,0.01,8,1.0,"{'colsample_bytree': 0.7, 'eta': 0.01, 'max_depth': 8, 'subsample': 1.0}",0.8196051735874744,0.8352620830496936,0.8351498637602179,0.8235694822888283,0.8215258855585831,0.8270224976489595,0.006798493998892441,173
0.2788188934326172,0.013072159425175827,0.0069926738739013675,0.0018867276972256105,0.7,0.01,9,0.7,"{'colsample_bytree': 0.7, 'eta': 0.01, 'max_depth': 9, 'subsample': 0.7}",0.8284547311095983,0.8379850238257318,0.8317438692098093,0.8303814713896458,0.829700272479564,0.83165307360287,0.0033395100415231052,123
0.2738518714904785,0.010886136819085599,0.008350086212158204,0.0020184202527455354,0.7,0.01,9,0.8,"{'colsample_bytree': 0.7, 'eta': 0.01, 'max_depth': 9, 'subsample': 0.8}",0.8298162014976175,0.8407079646017699,0.8331062670299727,0.8256130790190735,0.8290190735694822,0.8316525171435831,0.005116569367643324,124
0.3269474029541016,0.051600051470004495,0.013847732543945312,0.010945145836069196,0.7,0.01,9,1.0,"{'colsample_bytree': 0.7, 'eta': 0.01, 'max_depth': 9, 'subsample': 1.0}",0.8257317903335603,0.8352620830496936,0.8303814713896458,0.8276566757493188,0.8256130790190735,0.8289290199082584,0.0036070460116796443,156
0.3177800178527832,0.017197919223605085,0.011009645462036134,0.007661438071378743,0.7,0.01,10,0.7,"{'colsample_bytree': 0.7, 'eta': 0.01, 'max_depth': 10, 'subsample': 0.7}",0.8291354663036079,0.8400272294077604,0.8303814713896458,0.8283378746594006,0.829700272479564,0.8315164628479957,0.004307957008067371,126
0.3108928680419922,0.023040116271691915,0.008339118957519532,0.0027282613910697964,0.7,0.01,10,0.8,"{'colsample_bytree': 0.7, 'eta': 0.01, 'max_depth': 10, 'subsample': 0.8}",0.8298162014976175,0.8434309053778081,0.8290190735694822,0.829700272479564,0.8256130790190735,0.8315159063887091,0.006151914648334366,128
0.3195493698120117,0.02539357518213655,0.006484508514404297,0.001515193847786151,0.7,0.01,10,1.0,"{'colsample_bytree': 0.7, 'eta': 0.01, 'max_depth': 10, 'subsample': 1.0}",0.8277739959155889,0.8366235534377128,0.8283378746594006,0.8256130790190735,0.8215258855585831,0.8279748777180718,0.004942454955773032,168
0.047377729415893556,0.009450896278987214,0.004431581497192383,0.0022205665866654564,0.7,0.1,3,0.7,"{'colsample_bytree': 0.7, 'eta': 0.1, 'max_depth': 3, 'subsample': 0.7}",0.8277739959155889,0.8427501701837985,0.8331062670299727,0.8262942779291553,0.8215258855585831,0.8302901193234197,0.007242830583198854,143
0.05114998817443848,0.007960618854267807,0.002587747573852539,0.0011626908214704545,0.7,0.1,3,0.8,"{'colsample_bytree': 0.7, 'eta': 0.1, 'max_depth': 3, 'subsample': 0.8}",0.8298162014976175,0.8475153165418652,0.8331062670299727,0.8290190735694822,0.8256130790190735,0.8330139875316022,0.007632243162588861,113
0.04219088554382324,0.004158903585292218,0.0027364253997802734,0.0014678504241371604,0.7,0.1,3,1.0,"{'colsample_bytree': 0.7, 'eta': 0.1, 'max_depth': 3, 'subsample': 1.0}",0.8243703199455412,0.8379850238257318,0.8303814713896458,0.8262942779291553,0.8228882833787466,0.8283838752937642,0.005419391432089422,163
0.05513887405395508,0.0065837598898414946,0.002753543853759766,0.0011163046029374962,0.7,0.1,4,0.7,"{'colsample_bytree': 0.7, 'eta': 0.1, 'max_depth': 4, 'subsample': 0.7}",0.8373042886317222,0.8515997277059224,0.8399182561307902,0.8249318801089919,0.8317438692098093,0.8370996043574472,0.008887943327346243,53
0.054408931732177736,0.012919230352635605,0.004083490371704102,0.00221706933567119,0.7,0.1,4,0.8,"{'colsample_bytree': 0.7, 'eta': 0.1, 'max_depth': 4, 'subsample': 0.8}",0.8379850238257318,0.8488767869298843,0.837874659400545,0.8283378746594006,0.829700272479564,0.836554923459025,0.007350120277033932,66
0.05093083381652832,0.0037928365970461182,0.0032195568084716795,0.002001946031035235,0.7,0.1,4,1.0,"{'colsample_bytree': 0.7, 'eta': 0.1, 'max_depth': 4, 'subsample': 1.0}",0.8407079646017699,0.8502382573179034,0.840599455040872,0.8290190735694822,0.8269754768392371,0.8375080454738528,0.00854227411368607,41
0.07584033012390137,0.003568521238784064,0.004149198532104492,0.0017653656638509899,0.7,0.1,5,0.7,"{'colsample_bytree': 0.7, 'eta': 0.1, 'max_depth': 5, 'subsample': 0.7}",0.8366235534377128,0.8447923757658271,0.8358310626702997,0.8303814713896458,0.837874659400545,0.8371006245328061,0.0046205750750507426,49
0.07143425941467285,0.01001189049245368,0.0037033557891845703,0.0012426053476274474,0.7,0.1,5,0.8,"{'colsample_bytree': 0.7, 'eta': 0.1, 'max_depth': 5, 'subsample': 0.8}",0.8332198774676651,0.8543226684819605,0.8385558583106267,0.8331062670299727,0.837874659400545,0.8394158661381539,0.007791392741988594,14
0.09392633438110351,0.02441090356359456,0.005017375946044922,0.0016536643526951392,0.7,0.1,5,1.0,"{'colsample_bytree': 0.7, 'eta': 0.1, 'max_depth': 5, 'subsample': 1.0}",0.8359428182437032,0.8495575221238938,0.8453678474114441,0.829700272479564,0.8412806539509536,0.8403698228419116,0.0069808503156881295,4
0.08733901977539063,0.012979055130334611,0.007212448120117188,0.0014477611773325003,0.7,0.1,6,0.7,"{'colsample_bytree': 0.7, 'eta': 0.1, 'max_depth': 6, 'subsample': 0.7}",0.8379850238257318,0.8618107556160653,0.8358310626702997,0.8310626702997275,0.8344686648501363,0.8402316354523922,0.011021365466973954,6
0.09044432640075684,0.00811351728372296,0.0053653717041015625,0.0016677949383036954,0.7,0.1,6,0.8,"{'colsample_bytree': 0.7, 'eta': 0.1, 'max_depth': 6, 'subsample': 0.8}",0.8352620830496936,0.8488767869298843,0.840599455040872,0.8276566757493188,0.8331062670299727,0.8371002535599483,0.007203375740708323,52
0.08712105751037598,0.004924090528296629,0.0037710189819335936,0.001700479551912317,0.7,0.1,6,1.0,"{'colsample_bytree': 0.7, 'eta': 0.1, 'max_depth': 6, 'subsample': 1.0}",0.8352620830496936,0.8495575221238938,0.8419618528610354,0.832425068119891,0.8351498637602179,0.8388712779829465,0.006199617736585103,21
0.12739391326904298,0.014237637167379885,0.004969072341918945,0.0018432757428110224,0.7,0.1,7,0.7,"{'colsample_bytree': 0.7, 'eta': 0.1, 'max_depth': 7, 'subsample': 0.7}",0.8373042886317222,0.8563648740639891,0.8419618528610354,0.8262942779291553,0.8385558583106267,0.8400962303593058,0.009683087223108152,7
0.1345198154449463,0.012375757667751001,0.0057218074798583984,0.0020704111103470027,0.7,0.1,7,0.8,"{'colsample_bytree': 0.7, 'eta': 0.1, 'max_depth': 7, 'subsample': 0.8}",0.8352620830496936,0.8556841388699796,0.8474114441416893,0.837874659400545,0.8392370572207084,0.8430938765365232,0.007491440016687166,1
0.12620773315429687,0.0031946190044525795,0.004710483551025391,0.001171338181069088,0.7,0.1,7,1.0,"{'colsample_bytree': 0.7, 'eta': 0.1, 'max_depth': 7, 'subsample': 1.0}",0.8373042886317222,0.8515997277059224,0.8440054495912807,0.8303814713896458,0.8344686648501363,0.8395519204337415,0.0074829413166311075,12
0.1612791061401367,0.00591957417780248,0.006345129013061524,0.002511692463539148,0.7,0.1,8,0.7,"{'colsample_bytree': 0.7, 'eta': 0.1, 'max_depth': 8, 'subsample': 0.7}",0.8359428182437032,0.8475153165418652,0.837874659400545,0.8249318801089919,0.8337874659400545,0.8360104280470319,0.007259726907370315,73
0.16854219436645507,0.011068552663122901,0.007603359222412109,0.0024307320000738477,0.7,0.1,8,0.8,"{'colsample_bytree': 0.7, 'eta': 0.1, 'max_depth': 8, 'subsample': 0.8}",0.8270932607215793,0.8563648740639891,0.8460490463215259,0.832425068119891,0.8392370572207084,0.8402338612895388,0.01028272534389942,5
0.1736450672149658,0.012545659826770472,0.005957794189453125,0.0023609181842265013,0.7,0.1,8,1.0,"{'colsample_bytree': 0.7, 'eta': 0.1, 'max_depth': 8, 'subsample': 1.0}",0.8339006126616746,0.8475153165418652,0.8508174386920981,0.8303814713896458,0.8310626702997275,0.8387355019170023,0.008661370171915175,22
0.22478561401367186,0.006134848817706628,0.008569860458374023,0.0029994429456860552,0.7,0.1,9,0.7,"{'colsample_bytree': 0.7, 'eta': 0.1, 'max_depth': 9, 'subsample': 0.7}",0.8386657590197413,0.8515997277059224,0.8419618528610354,0.8235694822888283,0.8310626702997275,0.8373718984350511,0.009544484624570998,44
0.20900330543518067,0.005800052196263149,0.006401157379150391,0.0014064906830857729,0.7,0.1,9,0.8,"{'colsample_bytree': 0.7, 'eta': 0.1, 'max_depth': 9, 'subsample': 0.8}",0.8332198774676651,0.8488767869298843,0.8467302452316077,0.8337874659400545,0.8371934604904632,0.8399615672119349,0.0065807061429332975,8
0.20617260932922363,0.017052155539322593,0.008160829544067383,0.0036194010469287963,0.7,0.1,9,1.0,"{'colsample_bytree': 0.7, 'eta': 0.1, 'max_depth': 9, 'subsample': 1.0}",0.8386657590197413,0.8434309053778081,0.8412806539509536,0.829700272479564,0.832425068119891,0.8371005317895917,0.005227251394655523,50
0.24049477577209472,0.01507994309026157,0.008835363388061523,0.006108121595077545,0.7,0.1,10,0.7,"{'colsample_bytree': 0.7, 'eta': 0.1, 'max_depth': 10, 'subsample': 0.7}",0.8413886997957795,0.8468345813478557,0.8392370572207084,0.8262942779291553,0.837874659400545,0.8383258551388089,0.006746438409611312,34
0.2336808681488037,0.028255317140847436,0.006696748733520508,0.0009946332258326796,0.7,0.1,10,0.8,"{'colsample_bytree': 0.7, 'eta': 0.1, 'max_depth': 10, 'subsample': 0.8}",0.8366235534377128,0.8461538461538461,0.8453678474114441,0.8249318801089919,0.829700272479564,0.8365554799183117,0.008389195799181105,65
0.23951220512390137,0.02455508940186869,0.009922599792480469,0.0017938657024905616,0.7,0.1,10,1.0,"{'colsample_bytree': 0.7, 'eta': 0.1, 'max_depth': 10, 'subsample': 1.0}",0.8373042886317222,0.8509189925119128,0.8392370572207084,0.8242506811989101,0.8283378746594006,0.8360097788445306,0.009289889393864605,74
0.05278487205505371,0.01677111571742265,0.003502368927001953,0.001569295704479591,0.7,0.3,3,0.7,"{'colsample_bytree': 0.7, 'eta': 0.3, 'max_depth': 3, 'subsample': 0.7}",0.8373042886317222,0.8427501701837985,0.8433242506811989,0.8174386920980926,0.8303814713896458,0.8342397745968917,0.009607379057913371,98
0.040906858444213864,0.007594966078620616,0.0040890216827392575,0.0011157196028935526,0.7,0.3,3,0.8,"{'colsample_bytree': 0.7, 'eta': 0.3, 'max_depth': 3, 'subsample': 0.8}",0.8386657590197413,0.8495575221238938,0.8419618528610354,0.8242506811989101,0.8351498637602179,0.8379171357927596,0.008328847969608661,37
0.039651679992675784,0.004330072370597216,0.0028495311737060545,0.0019053935664543596,0.7,0.3,3,1.0,"{'colsample_bytree': 0.7, 'eta': 0.3, 'max_depth': 3, 'subsample': 1.0}",0.8393464942137508,0.8475153165418652,0.8365122615803815,0.8269754768392371,0.8433242506811989,0.8387347599712867,0.006953503524500214,23
0.06156940460205078,0.00576241433099702,0.0027321815490722657,0.0009795158402153379,0.7,0.3,4,0.7,"{'colsample_bytree': 0.7, 'eta': 0.3, 'max_depth': 4, 'subsample': 0.7}",0.8298162014976175,0.852280462899932,0.8365122615803815,0.8310626702997275,0.8344686648501363,0.836828052225559,0.008085160574163024,60
0.06202120780944824,0.010613734859475258,0.004068136215209961,0.0016964134684941915,0.7,0.3,4,0.8,"{'colsample_bytree': 0.7, 'eta': 0.3, 'max_depth': 4, 'subsample': 0.8}",0.8332198774676651,0.8441116405718175,0.8426430517711172,0.8269754768392371,0.8344686648501363,0.8362837422999947,0.0063410155030754894,69
0.042857027053833006,0.010424979297024477,0.002885723114013672,0.0011220088837416225,0.7,0.3,4,1.0,"{'colsample_bytree': 0.7, 'eta': 0.3, 'max_depth': 4, 'subsample': 1.0}",0.8373042886317222,0.8434309053778081,0.840599455040872,0.8174386920980926,0.8358310626702997,0.8349208807637589,0.009130199444288471,87
0.07675161361694335,0.00449397357398276,0.004259967803955078,0.0015786767030675226,0.7,0.3,5,0.7,"{'colsample_bytree': 0.7, 'eta': 0.3, 'max_depth': 5, 'subsample': 0.7}",0.8304969366916269,0.8441116405718175,0.8317438692098093,0.8222070844686649,0.8365122615803815,0.8330143585044599,0.007212956715901707,112
0.06317076683044434,0.0036554718295491793,0.002380180358886719,5.185511467643499e-05,0.7,0.3,5,0.8,"{'colsample_bytree': 0.7, 'eta': 0.3, 'max_depth': 5, 'subsample': 0.8}",0.8386657590197413,0.8556841388699796,0.8385558583106267,0.8147138964577657,0.8412806539509536,0.8377800613218135,0.01316240422203585,38
0.06902308464050293,0.0061610666767977045,0.004459238052368164,0.0024375840000026624,0.7,0.3,5,1.0,"{'colsample_bytree': 0.7, 'eta': 0.3, 'max_depth': 5, 'subsample': 1.0}",0.8379850238257318,0.8475153165418652,0.8303814713896458,0.8256130790190735,0.837874659400545,0.8358739100353724,0.007475743178167749,77
0.0907397747039795,0.012030319682678618,0.003969383239746094,0.001726287363486578,0.7,0.3,6,0.7,"{'colsample_bytree': 0.7, 'eta': 0.3, 'max_depth': 6, 'subsample': 0.7}",0.8332198774676651,0.8441116405718175,0.8290190735694822,0.8160762942779292,0.8201634877384196,0.8285180747250627,0.009900649161560996,162
0.0863734245300293,0.0075914304821460814,0.004039764404296875,0.001463062443830319,0.7,0.3,6,0.8,"{'colsample_bytree': 0.7, 'eta': 0.3, 'max_depth': 6, 'subsample': 0.8}",0.8311776718856365,0.8413886997957795,0.8337874659400545,0.8256130790190735,0.8235694822888283,0.8311072797858745,0.006322983211447473,134
0.09175124168395996,0.007861626178727512,0.003589010238647461,0.0008476631655655071,0.7,0.3,6,1.0,"{'colsample_bytree': 0.7, 'eta': 0.3, 'max_depth': 6, 'subsample': 1.0}",0.8270932607215793,0.8373042886317222,0.8385558583106267,0.8276566757493188,0.8344686648501363,0.8330157496526767,0.0047956413820951635,110
0.11903905868530273,0.0060162211083363976,0.005433797836303711,0.0016085292754273945,0.7,0.3,7,0.7,"{'colsample_bytree': 0.7, 'eta': 0.3, 'max_depth': 7, 'subsample': 0.7}",0.8311776718856365,0.8407079646017699,0.832425068119891,0.8310626702997275,0.8222070844686649,0.831516091875138,0.005870170357736445,127
0.1219475269317627,0.01246748214013055,0.006751918792724609,0.002725288262698874,0.7,0.3,7,0.8,"{'colsample_bytree': 0.7, 'eta': 0.3, 'max_depth': 7, 'subsample': 0.8}",0.831858407079646,0.8420694349897889,0.8371934604904632,0.8262942779291553,0.8358310626702997,0.8346493286318706,0.005301380876147693,90
0.11683506965637207,0.009563482545148492,0.003989362716674804,0.0008462424976036007,0.7,0.3,7,1.0,"{'colsample_bytree': 0.7, 'eta': 0.3, 'max_depth': 7, 'subsample': 1.0}",0.8366235534377128,0.8400272294077604,0.8358310626702997,0.8331062670299727,0.8222070844686649,0.8335590394028822,0.006090364547163629,106
0.14508295059204102,0.012697157072439553,0.007588720321655274,0.001773279328870619,0.7,0.3,8,0.7,"{'colsample_bytree': 0.7, 'eta': 0.3, 'max_depth': 8, 'subsample': 0.7}",0.8257317903335603,0.8468345813478557,0.8331062670299727,0.8181198910081744,0.8283378746594006,0.8304260808757927,0.009531647953189351,142
0.15201220512390137,0.00723045864485269,0.006111335754394531,0.0018406728148380124,0.7,0.3,8,0.8,"{'colsample_bytree': 0.7, 'eta': 0.3, 'max_depth': 8, 'subsample': 0.8}",0.8379850238257318,0.8400272294077604,0.8344686648501363,0.8201634877384196,0.8235694822888283,0.8312427776221754,0.007932981167899228,132
0.1365973949432373,0.011071624425688131,0.004446792602539063,0.0004049659938612208,0.7,0.3,8,1.0,"{'colsample_bytree': 0.7, 'eta': 0.3, 'max_depth': 8, 'subsample': 1.0}",0.8359428182437032,0.8427501701837985,0.8385558583106267,0.8262942779291553,0.8242506811989101,0.8335587611732388,0.0071351212621396775,107
0.1682581901550293,0.01802495830865941,0.008120298385620117,0.0033880617858922783,0.7,0.3,9,0.7,"{'colsample_bytree': 0.7, 'eta': 0.3, 'max_depth': 9, 'subsample': 0.7}",0.8393464942137508,0.8400272294077604,0.8290190735694822,0.8249318801089919,0.8256130790190735,0.8317875512638118,0.006600283594882438,122
0.18417487144470215,0.01657459770205306,0.006172323226928711,0.0015139059568463969,0.7,0.3,9,0.8,"{'colsample_bytree': 0.7, 'eta': 0.3, 'max_depth': 9, 'subsample': 0.8}",0.8386657590197413,0.8461538461538461,0.8412806539509536,0.8310626702997275,0.8262942779291553,0.8366914414706847,0.0071313389761781965,64
0.16792407035827636,0.012338763936947153,0.007825756072998047,0.0012118182117871364,0.7,0.3,9,1.0,"{'colsample_bytree': 0.7, 'eta': 0.3, 'max_depth': 9, 'subsample': 1.0}",0.8393464942137508,0.8461538461538461,0.8426430517711172,0.832425068119891,0.8208446866485014,0.8362826293814214,0.008949793472094262,70
0.20731396675109864,0.0028726579175591556,0.006835508346557617,0.0008812889264847912,0.7,0.3,10,0.7,"{'colsample_bytree': 0.7, 'eta': 0.3, 'max_depth': 10, 'subsample': 0.7}",0.8236895847515316,0.8359428182437032,0.8446866485013624,0.8283378746594006,0.8222070844686649,0.8309728021249324,0.008361776686128204,135
0.21026768684387206,0.011843171087389063,0.00793757438659668,0.0010158320026892212,0.7,0.3,10,0.8,"{'colsample_bytree': 0.7, 'eta': 0.3, 'max_depth': 10, 'subsample': 0.8}",0.8379850238257318,0.8427501701837985,0.8358310626702997,0.8290190735694822,0.8283378746594006,0.8347846409817425,0.005469728837289662,89
0.18297500610351564,0.019850631887838227,0.0061435699462890625,0.0009422172056101783,0.7,0.3,10,1.0,"{'colsample_bytree': 0.7, 'eta': 0.3, 'max_depth': 10, 'subsample': 1.0}",0.8325391422736556,0.8447923757658271,0.8467302452316077,0.829700272479564,0.8215258855585831,0.8350575842618475,0.009478052427765164,85
0.0447117805480957,0.006601742847767363,0.0025524616241455076,0.000914761593080994,0.8,0.01,3,0.7,"{'colsample_bytree': 0.8, 'eta': 0.01, 'max_depth': 3, 'subsample': 0.7}",0.807351940095303,0.8182437031994554,0.805858310626703,0.8004087193460491,0.797683923705722,0.8059093193946465,0.007101190257396408,209
0.047148847579956056,0.009445416560647573,0.0025363922119140624,0.0014770202166201779,0.8,0.01,3,0.8,"{'colsample_bytree': 0.8, 'eta': 0.01, 'max_depth': 3, 'subsample': 0.8}",0.8066712049012934,0.8141592920353983,0.8010899182561307,0.8017711171662125,0.7935967302452316,0.8034576525208532,0.006790292517671824,216
0.03902182579040527,0.003246707703166177,0.0021794795989990234,0.0007256428630023679,0.8,0.01,3,1.0,"{'colsample_bytree': 0.8, 'eta': 0.01, 'max_depth': 3, 'subsample': 1.0}",0.810074880871341,0.8148400272294077,0.7983651226158038,0.8024523160762943,0.7922343324250681,0.8035933358435831,0.008076652665568089,215
0.05546422004699707,0.010851268732085879,0.0026833534240722655,0.0012250833360464642,0.8,0.01,4,0.7,"{'colsample_bytree': 0.8, 'eta': 0.01, 'max_depth': 4, 'subsample': 0.7}",0.8196051735874744,0.8386657590197413,0.8153950953678474,0.8188010899182562,0.803133514986376,0.8191201265759391,0.011417674108480836,206
0.06260690689086915,0.011364082836675605,0.00465846061706543,0.001796363065202232,0.8,0.01,4,0.8,"{'colsample_bytree': 0.8, 'eta': 0.01, 'max_depth': 4, 'subsample': 0.8}",0.8230088495575221,0.8386657590197413,0.8181198910081744,0.8181198910081744,0.8065395095367848,0.8208907800260794,0.010409137460146626,200
0.06673617362976074,0.006514493319430846,0.004337787628173828,0.0017349098437405143,0.8,0.01,4,1.0,"{'colsample_bytree': 0.8, 'eta': 0.01, 'max_depth': 4, 'subsample': 1.0}",0.8230088495575221,0.8359428182437032,0.8167574931880109,0.8160762942779292,0.8044959128065395,0.8192562736147411,0.010263985787719464,205
0.07974610328674317,0.007862379287971245,0.004017448425292969,0.0018637929521659353,0.8,0.01,5,0.7,"{'colsample_bytree': 0.8, 'eta': 0.01, 'max_depth': 5, 'subsample': 0.7}",0.8243703199455412,0.8393464942137508,0.8228882833787466,0.8188010899182562,0.8140326975476839,0.8238877770007956,0.00852291909579079,188
0.08887200355529785,0.005803824857722518,0.0038018226623535156,0.001365754229919256,0.8,0.01,5,0.8,"{'colsample_bytree': 0.8, 'eta': 0.01, 'max_depth': 5, 'subsample': 0.8}",0.8270932607215793,0.8393464942137508,0.8215258855585831,0.8167574931880109,0.8126702997275205,0.8234786866818891,0.009280749583102777,190
0.09115114212036132,0.012302220507373915,0.0032566070556640627,0.00160777910190038,0.8,0.01,5,1.0,"{'colsample_bytree': 0.8, 'eta': 0.01, 'max_depth': 5, 'subsample': 1.0}",0.8243703199455412,0.8373042886317222,0.8249318801089919,0.8194822888283378,0.8092643051771117,0.823070616538341,0.009069082439206363,193
0.11725611686706543,0.010827041113707287,0.004293298721313477,0.0012208130589544328,0.8,0.01,6,0.7,"{'colsample_bytree': 0.8, 'eta': 0.01, 'max_depth': 6, 'subsample': 0.7}",0.8257317903335603,0.8366235534377128,0.8249318801089919,0.8235694822888283,0.8201634877384196,0.8262040387815025,0.005546833993780413,178
0.1168975830078125,0.011870989442542066,0.005830621719360352,0.002009505240193444,0.8,0.01,6,0.8,"{'colsample_bytree': 0.8, 'eta': 0.01, 'max_depth': 6, 'subsample': 0.8}",0.8298162014976175,0.8379850238257318,0.8262942779291553,0.8194822888283378,0.8201634877384196,0.8267482559638524,0.006812294603625847,175
0.12487449645996093,0.005812787924957169,0.005007886886596679,0.0019282234770721203,0.8,0.01,6,1.0,"{'colsample_bytree': 0.8, 'eta': 0.01, 'max_depth': 6, 'subsample': 1.0}",0.8270932607215793,0.8379850238257318,0.8283378746594006,0.8174386920980926,0.8113079019073569,0.8244325506424323,0.009243061451101417,186
0.16028399467468263,0.009051604950823851,0.005206251144409179,0.0015205854493169763,0.8,0.01,7,0.7,"{'colsample_bytree': 0.8, 'eta': 0.01, 'max_depth': 7, 'subsample': 0.7}",0.8264125255275698,0.8400272294077604,0.8276566757493188,0.8242506811989101,0.8249318801089919,0.8286557983985103,0.005807109219034606,157
0.16902098655700684,0.009126642874642247,0.004630041122436523,0.001550521536593224,0.8,0.01,7,0.8,"{'colsample_bytree': 0.8, 'eta': 0.01, 'max_depth': 7, 'subsample': 0.8}",0.8270932607215793,0.8366235534377128,0.8269754768392371,0.8249318801089919,0.8215258855585831,0.8274300113332208,0.0050187763405821866,170
0.16857695579528809,0.013730477684712413,0.006584644317626953,0.0013779711117569535,0.8,0.01,7,1.0,"{'colsample_bytree': 0.8, 'eta': 0.01, 'max_depth': 7, 'subsample': 1.0}",0.8230088495575221,0.8345813478556842,0.8290190735694822,0.8228882833787466,0.8113079019073569,0.8241610912537582,0.0077502763436867106,187
0.21436123847961425,0.019281131420353276,0.0074884891510009766,0.0017803638969941889,0.8,0.01,8,0.7,"{'colsample_bytree': 0.8, 'eta': 0.01, 'max_depth': 8, 'subsample': 0.7}",0.8284547311095983,0.8379850238257318,0.832425068119891,0.8276566757493188,0.8215258855585831,0.8296094768726248,0.005451030349800778,152
0.22067513465881347,0.012253397587461258,0.006396579742431641,0.0014231804906809655,0.8,0.01,8,0.8,"{'colsample_bytree': 0.8, 'eta': 0.01, 'max_depth': 8, 'subsample': 0.8}",0.8277739959155889,0.8393464942137508,0.829700272479564,0.8249318801089919,0.8208446866485014,0.8285194658732793,0.006179766664686277,159
0.252638578414917,0.02441186281116435,0.007168006896972656,0.0024376373583335936,0.8,0.01,8,1.0,"{'colsample_bytree': 0.8, 'eta': 0.01, 'max_depth': 8, 'subsample': 1.0}",0.8243703199455412,0.8304969366916269,0.8371934604904632,0.8215258855585831,0.8167574931880109,0.8260688191748452,0.0071216543899629,179
0.28633966445922854,0.06779080856924215,0.0062557697296142575,0.001181458509847982,0.8,0.01,9,0.7,"{'colsample_bytree': 0.8, 'eta': 0.01, 'max_depth': 9, 'subsample': 0.7}",0.8304969366916269,0.8441116405718175,0.8371934604904632,0.8290190735694822,0.8276566757493188,0.8336955574145417,0.006153029850676066,103
0.26801466941833496,0.02236287423626806,0.006944513320922852,0.001427157671514667,0.8,0.01,9,0.8,"{'colsample_bytree': 0.8, 'eta': 0.01, 'max_depth': 9, 'subsample': 0.8}",0.8291354663036079,0.8420694349897889,0.8303814713896458,0.8276566757493188,0.8235694822888283,0.8305625061442379,0.006193946410359925,141
0.32226314544677737,0.013724788958760649,0.008969640731811524,0.0030850630173656526,0.8,0.01,9,1.0,"{'colsample_bytree': 0.8, 'eta': 0.01, 'max_depth': 9, 'subsample': 1.0}",0.8270932607215793,0.831858407079646,0.8344686648501363,0.8283378746594006,0.8235694822888283,0.8290655379199181,0.0037847033552244435,154
0.331050443649292,0.01870984441409865,0.00884385108947754,0.0023458791616434303,0.8,0.01,10,0.7,"{'colsample_bytree': 0.8, 'eta': 0.01, 'max_depth': 10, 'subsample': 0.7}",0.8291354663036079,0.8447923757658271,0.837874659400545,0.8290190735694822,0.8283378746594006,0.8338318899397725,0.006509685625919552,100
0.3428399085998535,0.018188795592938175,0.006970882415771484,0.0009466240512910519,0.8,0.01,10,0.8,"{'colsample_bytree': 0.8, 'eta': 0.01, 'max_depth': 10, 'subsample': 0.8}",0.8325391422736556,0.8400272294077604,0.8351498637602179,0.8283378746594006,0.8276566757493188,0.8327421571700707,0.004564435765686055,115
0.3636341571807861,0.01383080204775991,0.007213449478149414,0.0019575980935128165,0.8,0.01,10,1.0,"{'colsample_bytree': 0.8, 'eta': 0.01, 'max_depth': 10, 'subsample': 1.0}",0.8264125255275698,0.8284547311095983,0.8331062670299727,0.8262942779291553,0.8222070844686649,0.8272949772129922,0.0035435262394735998,171
0.044611215591430664,0.004222279888534729,0.004566097259521484,0.0022436694136219017,0.8,0.1,3,0.7,"{'colsample_bytree': 0.8, 'eta': 0.1, 'max_depth': 3, 'subsample': 0.7}",0.8325391422736556,0.8447923757658271,0.8371934604904632,0.8228882833787466,0.8222070844686649,0.8319240692754715,0.008600038732547867,121
0.04555015563964844,0.008168205981622998,0.0021344661712646485,0.00010369345618307173,0.8,0.1,3,0.8,"{'colsample_bytree': 0.8, 'eta': 0.1, 'max_depth': 3, 'subsample': 0.8}",0.8284547311095983,0.8434309053778081,0.8317438692098093,0.8256130790190735,0.8276566757493188,0.8313798520931217,0.006340890162657935,130
0.044683980941772464,0.0021876959530099105,0.0027962684631347655,0.0015981959659550477,0.8,0.1,3,1.0,"{'colsample_bytree': 0.8, 'eta': 0.1, 'max_depth': 3, 'subsample': 1.0}",0.8291354663036079,0.8366235534377128,0.8365122615803815,0.8235694822888283,0.8222070844686649,0.8296095696158391,0.006137545773899922,151
0.05845060348510742,0.004043256131580458,0.0029469966888427735,0.0012748798875765008,0.8,0.1,4,0.7,"{'colsample_bytree': 0.8, 'eta': 0.1, 'max_depth': 4, 'subsample': 0.7}",0.8359428182437032,0.852280462899932,0.8440054495912807,0.8262942779291553,0.8337874659400545,0.8384620949208251,0.008921107061738315,31
0.06346049308776855,0.004553281147426312,0.0031975746154785157,0.0012650648925591514,0.8,0.1,4,0.8,"{'colsample_bytree': 0.8, 'eta': 0.1, 'max_depth': 4, 'subsample': 0.8}",0.8359428182437032,0.8475153165418652,0.8399182561307902,0.8303814713896458,0.8303814713896458,0.83682786673913,0.006444647806064044,61
0.056316471099853514,0.002106714397058365,0.0032787322998046875,0.0013401506168098595,0.8,0.1,4,1.0,"{'colsample_bytree': 0.8, 'eta': 0.1, 'max_depth': 4, 'subsample': 1.0}",0.8332198774676651,0.8495575221238938,0.8392370572207084,0.8303814713896458,0.8331062670299727,0.8371004390463771,0.006868780832986891,51
0.06588902473449706,0.0058843449473228145,0.002475738525390625,6.0970488204737495e-05,0.8,0.1,5,0.7,"{'colsample_bytree': 0.8, 'eta': 0.1, 'max_depth': 5, 'subsample': 0.7}",0.8407079646017699,0.853641933287951,0.8426430517711172,0.8290190735694822,0.8290190735694822,0.8390062193599604,0.009271599334714284,20
0.07820796966552734,0.010868402406739116,0.0045490264892578125,0.0020628540473991686,0.8,0.1,5,0.8,"{'colsample_bytree': 0.8, 'eta': 0.1, 'max_depth': 5, 'subsample': 0.8}",0.8373042886317222,0.852280462899932,0.8433242506811989,0.832425068119891,0.8331062670299727,0.8396880674725434,0.007396538503259806,11
0.07360548973083496,0.007111772492742789,0.003845500946044922,0.0017132758324503914,0.8,0.1,5,1.0,"{'colsample_bytree': 0.8, 'eta': 0.1, 'max_depth': 5, 'subsample': 1.0}",0.8359428182437032,0.8529611980939414,0.8412806539509536,0.8310626702997275,0.8351498637602179,0.8392794408697087,0.007574920604081634,15
0.10155377388000489,0.008823369676722903,0.004815816879272461,0.0017669623457005007,0.8,0.1,6,0.7,"{'colsample_bytree': 0.8, 'eta': 0.1, 'max_depth': 6, 'subsample': 0.7}",0.8400272294077604,0.8515997277059224,0.837874659400545,0.8235694822888283,0.8351498637602179,0.837644192512655,0.008997867371441948,39
0.10272011756896973,0.013483107766600696,0.0046656131744384766,0.002297122291299086,0.8,0.1,6,0.8,"{'colsample_bytree': 0.8, 'eta': 0.1, 'max_depth': 6, 'subsample': 0.8}",0.8359428182437032,0.8495575221238938,0.8399182561307902,0.8331062670299727,0.8371934604904632,0.8391436648037647,0.005648845960929991,18
0.1358649730682373,0.05846636623659587,0.0033590316772460936,0.0004967129938176791,0.8,0.1,6,1.0,"{'colsample_bytree': 0.8, 'eta': 0.1, 'max_depth': 6, 'subsample': 1.0}",0.8366235534377128,0.853641933287951,0.8399182561307902,0.8290190735694822,0.8337874659400545,0.8385980564731982,0.00832896768798822,27
0.12626705169677735,0.012851622377122372,0.004132604598999024,0.0009435780341025304,0.8,0.1,7,0.7,"{'colsample_bytree': 0.8, 'eta': 0.1, 'max_depth': 7, 'subsample': 0.7}",0.8386657590197413,0.8502382573179034,0.8365122615803815,0.8283378746594006,0.832425068119891,0.8372358441394635,0.007402005181383477,47
0.14641022682189941,0.00790866288361839,0.004355525970458985,0.0012672287863737981,0.8,0.1,7,0.8,"{'colsample_bytree': 0.8, 'eta': 0.1, 'max_depth': 7, 'subsample': 0.8}",0.8366235534377128,0.8481960517358748,0.837874659400545,0.8337874659400545,0.8358310626702997,0.8384625586368972,0.005044793678414718,28
0.13814001083374022,0.008820316022216316,0.004275035858154297,0.0015042178610496484,0.8,0.1,7,1.0,"{'colsample_bytree': 0.8, 'eta': 0.1, 'max_depth': 7, 'subsample': 1.0}",0.8366235534377128,0.8475153165418652,0.8433242506811989,0.8303814713896458,0.8337874659400545,0.8383264115980955,0.006261600403780214,33
0.17808160781860352,0.017384599288524868,0.0058136463165283205,0.0025086233964709105,0.8,0.1,8,0.7,"{'colsample_bytree': 0.8, 'eta': 0.1, 'max_depth': 8, 'subsample': 0.7}",0.8304969366916269,0.8515997277059224,0.8371934604904632,0.8283378746594006,0.8290190735694822,0.835329414623379,0.008720695305350943,84
0.18149857521057128,0.016104697851768466,0.005703163146972656,0.0020025198670060333,0.8,0.1,8,0.8,"{'colsample_bytree': 0.8, 'eta': 0.1, 'max_depth': 8, 'subsample': 0.8}",0.8352620830496936,0.8502382573179034,0.8385558583106267,0.829700272479564,0.8385558583106267,0.8384624658936829,0.006718708086058788,30
0.1780414581298828,0.021450976989314852,0.0050567626953125,0.0018859840869215117,0.8,0.1,8,1.0,"{'colsample_bytree': 0.8, 'eta': 0.1, 'max_depth': 8, 'subsample': 1.0}",0.8373042886317222,0.8475153165418652,0.8392370572207084,0.8351498637602179,0.8331062670299727,0.8384625586368972,0.004971069709258979,28
0.22722964286804198,0.015615301266631782,0.008246803283691406,0.0040279673331171,0.8,0.1,9,0.7,"{'colsample_bytree': 0.8, 'eta': 0.1, 'max_depth': 9, 'subsample': 0.7}",0.8332198774676651,0.8454731109598366,0.8392370572207084,0.8290190735694822,0.8331062670299727,0.836011077249533,0.005745500201116535,71
0.233152437210083,0.02244126259413947,0.0062256336212158205,0.0014379584341547146,0.8,0.1,9,0.8,"{'colsample_bytree': 0.8, 'eta': 0.1, 'max_depth': 9, 'subsample': 0.8}",0.8386657590197413,0.8543226684819605,0.8385558583106267,0.8269754768392371,0.8331062670299727,0.8383252059363077,0.00907900499729928,35
0.2215250015258789,0.007863699385802642,0.008018112182617188,0.0022188178713933274,0.8,0.1,9,1.0,"{'colsample_bytree': 0.8, 'eta': 0.1, 'max_depth': 9, 'subsample': 1.0}",0.8400272294077604,0.8461538461538461,0.8453678474114441,0.8269754768392371,0.8262942779291553,0.8369637355482886,0.008695686996474262,57
0.2253556728363037,0.010903130233177474,0.008582973480224609,0.003334546118407666,0.8,0.1,10,0.7,"{'colsample_bytree': 0.8, 'eta': 0.1, 'max_depth': 10, 'subsample': 0.7}",0.8332198774676651,0.8434309053778081,0.8446866485013624,0.8303814713896458,0.8317438692098093,0.836692554389258,0.006094089814781697,62
0.2644084930419922,0.022900781719554657,0.009006786346435546,0.00210101167884908,0.8,0.1,10,0.8,"{'colsample_bytree': 0.8, 'eta': 0.1, 'max_depth': 10, 'subsample': 0.8}",0.8373042886317222,0.8515997277059224,0.8392370572207084,0.8242506811989101,0.8344686648501363,0.8373720839214798,0.008792151283694318,43
0.23366160392761232,0.011297229367012038,0.007485008239746094,0.002229972993601118,0.8,0.1,10,1.0,"{'colsample_bytree': 0.8, 'eta': 0.1, 'max_depth': 10, 'subsample': 1.0}",0.8393464942137508,0.8400272294077604,0.8474114441416893,0.8276566757493188,0.829700272479564,0.8368284231984167,0.007259543498453101,59
0.043460655212402347,0.006113041868810817,0.002269268035888672,0.0005252154909426127,0.8,0.3,3,0.7,"{'colsample_bytree': 0.8, 'eta': 0.3, 'max_depth': 3, 'subsample': 0.7}",0.8454731109598366,0.8441116405718175,0.8392370572207084,0.8208446866485014,0.8358310626702997,0.8370995116142327,0.008828188003528095,55
0.04785161018371582,0.0053753008641686546,0.002500009536743164,0.0008302421448316111,0.8,0.3,3,0.8,"{'colsample_bytree': 0.8, 'eta': 0.3, 'max_depth': 3, 'subsample': 0.8}",0.8304969366916269,0.8529611980939414,0.8365122615803815,0.8174386920980926,0.8351498637602179,0.8345117904448521,0.011422779020361484,95
0.04683494567871094,0.005737909064202555,0.003922414779663086,0.0012462935678580602,0.8,0.3,3,1.0,"{'colsample_bytree': 0.8, 'eta': 0.3, 'max_depth': 3, 'subsample': 1.0}",0.8373042886317222,0.8529611980939414,0.8467302452316077,0.832425068119891,0.8351498637602179,0.8409141327674761,0.00771078384652173,3
0.061522912979125974,0.005821451105756179,0.003558826446533203,0.0014585881675806482,0.8,0.3,4,0.7,"{'colsample_bytree': 0.8, 'eta': 0.3, 'max_depth': 4, 'subsample': 0.7}",0.8386657590197413,0.8515997277059224,0.8392370572207084,0.8147138964577657,0.8337874659400545,0.8356007812688384,0.011984431134609456,80
0.05560731887817383,0.006570501602010207,0.003407001495361328,0.0015880922425134123,0.8,0.3,4,0.8,"{'colsample_bytree': 0.8, 'eta': 0.3, 'max_depth': 4, 'subsample': 0.8}",0.8345813478556842,0.8468345813478557,0.837874659400545,0.8290190735694822,0.8385558583106267,0.8373731040968387,0.005809539499589461,42
0.05244903564453125,0.006896035315120105,0.0025209903717041014,0.0009297710471781006,0.8,0.3,4,1.0,"{'colsample_bytree': 0.8, 'eta': 0.3, 'max_depth': 4, 'subsample': 1.0}",0.8366235534377128,0.8488767869298843,0.8365122615803815,0.8242506811989101,0.8262942779291553,0.8345115122152087,0.008804912563254916,96
0.07861719131469727,0.008580327064437789,0.002459430694580078,9.528103729851063e-05,0.8,0.3,5,0.7,"{'colsample_bytree': 0.8, 'eta': 0.3, 'max_depth': 5, 'subsample': 0.7}",0.8277739959155889,0.8434309053778081,0.8351498637602179,0.8228882833787466,0.8222070844686649,0.8302900265802053,0.008034312402361047,144
0.07248964309692382,0.008964445515159762,0.005173015594482422,0.0015185052689832028,0.8,0.3,5,0.8,"{'colsample_bytree': 0.8, 'eta': 0.3, 'max_depth': 5, 'subsample': 0.8}",0.8304969366916269,0.8509189925119128,0.8419618528610354,0.8249318801089919,0.8269754768392371,0.8350570278025609,0.00987828979386886,86
0.06387214660644532,0.008684444296319826,0.0029727935791015623,0.0012258025512608495,0.8,0.3,5,1.0,"{'colsample_bytree': 0.8, 'eta': 0.3, 'max_depth': 5, 'subsample': 1.0}",0.8393464942137508,0.8427501701837985,0.8385558583106267,0.8228882833787466,0.829700272479564,0.8346482157132973,0.007290587199064544,91
0.093623685836792,0.007878921530957914,0.004027318954467773,0.0017800193250108438,0.8,0.3,6,0.7,"{'colsample_bytree': 0.8, 'eta': 0.3, 'max_depth': 6, 'subsample': 0.7}",0.8298162014976175,0.8427501701837985,0.8365122615803815,0.829700272479564,0.8208446866485014,0.8319247184779727,0.0073538706209724,120
0.09226384162902831,0.005430440397931116,0.0038352012634277344,0.0010715842325915428,0.8,0.3,6,0.8,"{'colsample_bytree': 0.8, 'eta': 0.3, 'max_depth': 6, 'subsample': 0.8}",0.8345813478556842,0.8434309053778081,0.8310626702997275,0.8290190735694822,0.8310626702997275,0.8338313334804859,0.00512256067300114,101
0.0924947738647461,0.012849279437133881,0.006148147583007813,0.0007656756361062868,0.8,0.3,6,1.0,"{'colsample_bytree': 0.8, 'eta': 0.3, 'max_depth': 6, 'subsample': 1.0}",0.8352620830496936,0.8461538461538461,0.8392370572207084,0.8283378746594006,0.8235694822888283,0.8345120686744953,0.007953362681877218,94
0.1262904644012451,0.011934029288033216,0.0053845405578613285,0.0018011675113456663,0.8,0.3,7,0.7,"{'colsample_bytree': 0.8, 'eta': 0.3, 'max_depth': 7, 'subsample': 0.7}",0.8264125255275698,0.8393464942137508,0.8351498637602179,0.8262942779291553,0.8256130790190735,0.8305632480899534,0.0056238640387526965,139
0.12859773635864258,0.015066629705365398,0.004685640335083008,0.0022091992236045184,0.8,0.3,7,0.8,"{'colsample_bytree': 0.8, 'eta': 0.3, 'max_depth': 7, 'subsample': 0.8}",0.8379850238257318,0.8420694349897889,0.8412806539509536,0.8269754768392371,0.8208446866485014,0.8338310552508427,0.00844118002734794,102
0.12868704795837402,0.011782118652148562,0.007208871841430664,0.0022785150982809334,0.8,0.3,7,1.0,"{'colsample_bytree': 0.8, 'eta': 0.3, 'max_depth': 7, 'subsample': 1.0}",0.8311776718856365,0.8454731109598366,0.8303814713896458,0.8249318801089919,0.8242506811989101,0.8312429631086042,0.007641535365699683,131
0.1566168785095215,0.010874148444668531,0.006729269027709961,0.00207840975683589,0.8,0.3,8,0.7,"{'colsample_bytree': 0.8, 'eta': 0.3, 'max_depth': 8, 'subsample': 0.7}",0.8298162014976175,0.8373042886317222,0.8317438692098093,0.8310626702997275,0.8235694822888283,0.8306993023855409,0.00439233881191797,138
0.16426944732666016,0.010435360263850009,0.005448579788208008,0.0012506665479676176,0.8,0.3,8,0.8,"{'colsample_bytree': 0.8, 'eta': 0.3, 'max_depth': 8, 'subsample': 0.8}",0.8291354663036079,0.8413886997957795,0.8351498637602179,0.8249318801089919,0.8222070844686649,0.8305625988874524,0.006954189851689896,140
0.14684481620788575,0.015227377329773521,0.005244159698486328,0.0008290119689382527,0.8,0.3,8,1.0,"{'colsample_bytree': 0.8, 'eta': 0.3, 'max_depth': 8, 'subsample': 1.0}",0.8298162014976175,0.8407079646017699,0.8351498637602179,0.829700272479564,0.8262942779291553,0.8323337160536649,0.005055817324789849,118
0.17395272254943847,0.00631443486351413,0.006722450256347656,0.0017741603961626915,0.8,0.3,9,0.7,"{'colsample_bytree': 0.8, 'eta': 0.3, 'max_depth': 9, 'subsample': 0.7}",0.8311776718856365,0.8386657590197413,0.8262942779291553,0.8249318801089919,0.8276566757493188,0.8297452529385687,0.004920715272634962,149
0.19974031448364257,0.011275860743954761,0.007128620147705078,0.0019030343412559817,0.8,0.3,9,0.8,"{'colsample_bytree': 0.8, 'eta': 0.3, 'max_depth': 9, 'subsample': 0.8}",0.8304969366916269,0.8420694349897889,0.832425068119891,0.8181198910081744,0.8269754768392371,0.8300173615297437,0.007772803681148903,147
0.18415403366088867,0.007243922488465708,0.005583858489990235,0.0011328377094172953,0.8,0.3,9,1.0,"{'colsample_bytree': 0.8, 'eta': 0.3, 'max_depth': 9, 'subsample': 1.0}",0.8284547311095983,0.8427501701837985,0.8412806539509536,0.8194822888283378,0.8249318801089919,0.831379944836336,0.009154176074165495,129
0.21218771934509278,0.011500663926266948,0.007616472244262695,0.0021997503722395884,0.8,0.3,10,0.7,"{'colsample_bytree': 0.8, 'eta': 0.3, 'max_depth': 10, 'subsample': 0.7}",0.8379850238257318,0.8515997277059224,0.8426430517711172,0.8215258855585831,0.8208446866485014,0.8349196751019713,0.012039684075092916,88
0.21522622108459472,0.013151293563112875,0.009849262237548829,0.001151165226580604,0.8,0.3,10,0.8,"{'colsample_bytree': 0.8, 'eta': 0.3, 'max_depth': 10, 'subsample': 0.8}",0.8359428182437032,0.8366235534377128,0.8344686648501363,0.832425068119891,0.8256130790190735,0.8330146367341034,0.003970979029124914,111
0.19073081016540527,0.019997034917055432,0.007768821716308594,0.002324713132974861,0.8,0.3,10,1.0,"{'colsample_bytree': 0.8, 'eta': 0.3, 'max_depth': 10, 'subsample': 1.0}",0.8400272294077604,0.8461538461538461,0.840599455040872,0.8235694822888283,0.8317438692098093,0.8364187764202233,0.0079022744385651,68
0.05214591026306152,0.006372449324538012,0.0043218135833740234,0.0018888079308243858,1.0,0.01,3,0.7,"{'colsample_bytree': 1.0, 'eta': 0.01, 'max_depth': 3, 'subsample': 0.7}",0.8114363512593601,0.818924438393465,0.8024523160762943,0.8010899182561307,0.7935967302452316,0.8054999508460963,0.008784996773859046,211
0.054977798461914064,0.003527163764955608,0.005354976654052735,0.0036164513368149988,1.0,0.01,3,0.8,"{'colsample_bytree': 1.0, 'eta': 0.01, 'max_depth': 3, 'subsample': 0.8}",0.810074880871341,0.818924438393465,0.8017711171662125,0.8024523160762943,0.7942779291553134,0.8055001363325252,0.00836986140391895,210
0.048678350448608396,0.010013435312083993,0.002453136444091797,0.0011836761834913298,1.0,0.01,3,1.0,"{'colsample_bytree': 1.0, 'eta': 0.01, 'max_depth': 3, 'subsample': 1.0}",0.810074880871341,0.8209666439754936,0.7997275204359673,0.797683923705722,0.7942779291553134,0.8045461796287675,0.009756486943024703,213
0.06661019325256348,0.015368503198262612,0.002281951904296875,0.00032029984258775046,1.0,0.01,4,0.7,"{'colsample_bytree': 1.0, 'eta': 0.01, 'max_depth': 4, 'subsample': 0.7}",0.8223281143635126,0.8373042886317222,0.8201634877384196,0.8160762942779292,0.803133514986376,0.8198011399995918,0.010996011154864864,203
0.06857852935791016,0.005548052028125029,0.002531290054321289,0.0010013497216016045,1.0,0.01,4,0.8,"{'colsample_bytree': 1.0, 'eta': 0.01, 'max_depth': 4, 'subsample': 0.8}",0.8243703199455412,0.8359428182437032,0.8208446866485014,0.8194822888283378,0.7983651226158038,0.8198010472563775,0.012182977294797849,204
0.06483774185180664,0.005831679586950117,0.003178834915161133,0.0015257950625630298,1.0,0.01,4,1.0,"{'colsample_bytree': 1.0, 'eta': 0.01, 'max_depth': 4, 'subsample': 1.0}",0.8223281143635126,0.8325391422736556,0.8174386920980926,0.8160762942779292,0.8004087193460491,0.817758192471848,0.010423969905039314,207
0.08619418144226074,0.006996035413324272,0.0027217864990234375,0.00046273951940450664,1.0,0.01,5,0.7,"{'colsample_bytree': 1.0, 'eta': 0.01, 'max_depth': 5, 'subsample': 0.7}",0.8236895847515316,0.831858407079646,0.8269754768392371,0.8201634877384196,0.8119891008174387,0.8229352114452546,0.006693519762457907,194
0.10213675498962402,0.01958983435532538,0.0025602340698242187,0.0003560816590972847,1.0,0.01,5,0.8,"{'colsample_bytree': 1.0, 'eta': 0.01, 'max_depth': 5, 'subsample': 0.8}",0.8264125255275698,0.8352620830496936,0.8269754768392371,0.8174386920980926,0.8106267029972752,0.8233430961023738,0.008499958551820654,191
0.09619021415710449,0.010075678520132613,0.003417634963989258,0.002071918461409484,1.0,0.01,5,1.0,"{'colsample_bytree': 1.0, 'eta': 0.01, 'max_depth': 5, 'subsample': 1.0}",0.8236895847515316,0.8325391422736556,0.8256130790190735,0.8194822888283378,0.8113079019073569,0.8225263993559911,0.0070179328331312265,196
0.15566959381103515,0.03280810776380751,0.004646968841552734,0.0019055184011252143,1.0,0.01,6,0.7,"{'colsample_bytree': 1.0, 'eta': 0.01, 'max_depth': 6, 'subsample': 0.7}",0.8264125255275698,0.8379850238257318,0.8269754768392371,0.8215258855585831,0.8140326975476839,0.8253863218597612,0.007824494260963,182
0.1403454303741455,0.028585574888824513,0.003310537338256836,0.0004836904746972797,1.0,0.01,6,0.8,"{'colsample_bytree': 1.0, 'eta': 0.01, 'max_depth': 6, 'subsample': 0.8}",0.8291354663036079,0.8400272294077604,0.8256130790190735,0.8222070844686649,0.8133514986376021,0.8260668715673418,0.008730320241025647,180
0.14386453628540039,0.015380972374022497,0.006163549423217773,0.0017953853620845087,1.0,0.01,6,1.0,"{'colsample_bytree': 1.0, 'eta': 0.01, 'max_depth': 6, 'subsample': 1.0}",0.821647379169503,0.8373042886317222,0.8222070844686649,0.8222070844686649,0.8092643051771117,0.8225260283831334,0.008890958927471462,197
0.18214631080627441,0.015473832616391068,0.004650783538818359,0.0010433403554437775,1.0,0.01,7,0.7,"{'colsample_bytree': 1.0, 'eta': 0.01, 'max_depth': 7, 'subsample': 0.7}",0.8277739959155889,0.8393464942137508,0.8269754768392371,0.8242506811989101,0.8147138964577657,0.8266121089250505,0.00788403941039549,176
0.19738640785217285,0.022064924521483682,0.007557344436645508,0.003786393089559898,1.0,0.01,7,0.8,"{'colsample_bytree': 1.0, 'eta': 0.01, 'max_depth': 7, 'subsample': 0.8}",0.8291354663036079,0.8386657590197413,0.829700272479564,0.8215258855585831,0.8133514986376021,0.8264757763998197,0.008518392897097268,177
0.20523481369018554,0.004966510727409355,0.0036478042602539062,0.00031811364672836267,1.0,0.01,7,1.0,"{'colsample_bytree': 1.0, 'eta': 0.01, 'max_depth': 7, 'subsample': 1.0}",0.8236895847515316,0.8352620830496936,0.8269754768392371,0.8174386920980926,0.8017711171662125,0.8210273907809535,0.011214065277512855,198
0.2500925064086914,0.0280453528872465,0.004911088943481445,0.0005112440807368379,1.0,0.01,8,0.7,"{'colsample_bytree': 1.0, 'eta': 0.01, 'max_depth': 8, 'subsample': 0.7}",0.8264125255275698,0.8420694349897889,0.829700272479564,0.8249318801089919,0.8194822888283378,0.8285192803868504,0.0075362657238966435,161
0.27148942947387694,0.010036552975321618,0.008026027679443359,0.002834516683063758,1.0,0.01,8,0.8,"{'colsample_bytree': 1.0, 'eta': 0.01, 'max_depth': 8, 'subsample': 0.8}",0.8284547311095983,0.8373042886317222,0.8283378746594006,0.8242506811989101,0.8167574931880109,0.8270210137575285,0.006671581629343688,174
0.29794020652770997,0.025988468265154913,0.005438995361328125,0.0023390392346766885,1.0,0.01,8,1.0,"{'colsample_bytree': 1.0, 'eta': 0.01, 'max_depth': 8, 'subsample': 1.0}",0.8196051735874744,0.8332198774676651,0.8303814713896458,0.8215258855585831,0.80858310626703,0.8226631028540797,0.008716756295330589,195
0.31137380599975584,0.02594809346682455,0.00950322151184082,0.0021628143399327906,1.0,0.01,9,0.7,"{'colsample_bytree': 1.0, 'eta': 0.01, 'max_depth': 9, 'subsample': 0.7}",0.8257317903335603,0.8434309053778081,0.832425068119891,0.8228882833787466,0.8208446866485014,0.8290641467717015,0.008179302634711484,155
0.32421460151672366,0.019544774231245086,0.009192419052124024,0.0017976627134336696,1.0,0.01,9,0.8,"{'colsample_bytree': 1.0, 'eta': 0.01, 'max_depth': 9, 'subsample': 0.8}",0.8284547311095983,0.8386657590197413,0.8344686648501363,0.8222070844686649,0.8188010899182562,0.8285194658732793,0.007384272663848482,159
0.3560072422027588,0.010087676954465668,0.006166505813598633,0.0025762049439157757,1.0,0.01,9,1.0,"{'colsample_bytree': 1.0, 'eta': 0.01, 'max_depth': 9, 'subsample': 1.0}",0.8155207624234173,0.8339006126616746,0.8303814713896458,0.8188010899182562,0.8174386920980926,0.8232085256982172,0.007451040834987938,192
0.3792115688323975,0.024861989113958687,0.00946669578552246,0.004224746997845697,1.0,0.01,10,0.7,"{'colsample_bytree': 1.0, 'eta': 0.01, 'max_depth': 10, 'subsample': 0.7}",0.8304969366916269,0.8420694349897889,0.8351498637602179,0.8201634877384196,0.8208446866485014,0.829744881965711,0.008398697682096721,150
0.38748979568481445,0.016215600276152355,0.00951542854309082,0.0022395539624259038,1.0,0.01,10,0.8,"{'colsample_bytree': 1.0, 'eta': 0.01, 'max_depth': 10, 'subsample': 0.8}",0.8284547311095983,0.8359428182437032,0.8331062670299727,0.8228882833787466,0.8208446866485014,0.8282473572821045,0.0057687317993647185,165
0.4370490550994873,0.018901715709315748,0.007512855529785156,0.0025551690369180224,1.0,0.01,10,1.0,"{'colsample_bytree': 1.0, 'eta': 0.01, 'max_depth': 10, 'subsample': 1.0}",0.8243703199455412,0.8257317903335603,0.8317438692098093,0.8181198910081744,0.8188010899182562,0.8237533920830684,0.004988066066732657,189
0.053991174697875975,0.008856850169146604,0.004659175872802734,0.003445380156887082,1.0,0.1,3,0.7,"{'colsample_bytree': 1.0, 'eta': 0.1, 'max_depth': 3, 'subsample': 0.7}",0.8339006126616746,0.8461538461538461,0.8371934604904632,0.8269754768392371,0.8256130790190735,0.8339672950328589,0.007451215540843648,99
0.05214471817016601,0.006224180678653421,0.0032168865203857423,0.0015160631171966523,1.0,0.1,3,0.8,"{'colsample_bytree': 1.0, 'eta': 0.1, 'max_depth': 3, 'subsample': 0.8}",0.831858407079646,0.8488767869298843,0.8365122615803815,0.8269754768392371,0.8242506811989101,0.8336947227256118,0.008673451902121076,104
0.046720027923583984,0.004638056418664345,0.005561399459838867,0.005722565588398495,1.0,0.1,3,1.0,"{'colsample_bytree': 1.0, 'eta': 0.1, 'max_depth': 3, 'subsample': 1.0}",0.8291354663036079,0.8407079646017699,0.8371934604904632,0.8201634877384196,0.8235694822888283,0.8301539722846177,0.007812090532457629,145
0.06642189025878906,0.009425102839883636,0.0036767959594726563,0.0010575511453525368,1.0,0.1,4,0.7,"{'colsample_bytree': 1.0, 'eta': 0.1, 'max_depth': 4, 'subsample': 0.7}",0.8359428182437032,0.8570456092579987,0.840599455040872,0.8269754768392371,0.8358310626702997,0.8392788844104221,0.009917570959489832,17
0.07069745063781738,0.00910437059757097,0.002292823791503906,0.00024006576875294802,1.0,0.1,4,0.8,"{'colsample_bytree': 1.0, 'eta': 0.1, 'max_depth': 4, 'subsample': 0.8}",0.8379850238257318,0.8563648740639891,0.837874659400545,0.8269754768392371,0.8344686648501363,0.8387337397959278,0.009680941094336499,25
0.054570484161376956,0.006806853645778238,0.0030373573303222657,0.0011853528273833742,1.0,0.1,4,1.0,"{'colsample_bytree': 1.0, 'eta': 0.1, 'max_depth': 4, 'subsample': 1.0}",0.8325391422736556,0.8468345813478557,0.8412806539509536,0.8283378746594006,0.8303814713896458,0.8358747447243022,0.007034892741115496,75
0.08102955818176269,0.007588275689222404,0.004051351547241211,0.001340208110898496,1.0,0.1,5,0.7,"{'colsample_bytree': 1.0, 'eta': 0.1, 'max_depth': 5, 'subsample': 0.7}",0.8393464942137508,0.8563648740639891,0.8385558583106267,0.8262942779291553,0.8371934604904632,0.8395509930015969,0.009644036118147065,13
0.09021224975585937,0.013468555738868114,0.0026391983032226563,0.00027100873662050054,1.0,0.1,5,0.8,"{'colsample_bytree': 1.0, 'eta': 0.1, 'max_depth': 5, 'subsample': 0.8}",0.8352620830496936,0.8556841388699796,0.8419618528610354,0.8283378746594006,0.8351498637602179,0.8392791626400655,0.009265202558779497,16
0.07590961456298828,0.004851478827235248,0.0032949924468994142,0.0017077032757296757,1.0,0.1,5,1.0,"{'colsample_bytree': 1.0, 'eta': 0.1, 'max_depth': 5, 'subsample': 1.0}",0.8359428182437032,0.853641933287951,0.8392370572207084,0.829700272479564,0.8412806539509536,0.839960547036576,0.007884945506174556,9
0.11041622161865235,0.005898104416213795,0.004407215118408203,0.0019107488984250083,1.0,0.1,6,0.7,"{'colsample_bytree': 1.0, 'eta': 0.1, 'max_depth': 6, 'subsample': 0.7}",0.8332198774676651,0.85500340367597,0.8412806539509536,0.8215258855585831,0.8317438692098093,0.8365547379725962,0.01116082170623322,67
0.11865544319152832,0.004318202689625198,0.003396940231323242,0.0009138375000485147,1.0,0.1,6,0.8,"{'colsample_bytree': 1.0, 'eta': 0.1, 'max_depth': 6, 'subsample': 0.8}",0.8311776718856365,0.8502382573179034,0.8399182561307902,0.8249318801089919,0.8371934604904632,0.836691905186757,0.008519031786847658,63
0.10761632919311523,0.007436673826376744,0.0052357673645019535,0.0016862264306161756,1.0,0.1,6,1.0,"{'colsample_bytree': 1.0, 'eta': 0.1, 'max_depth': 6, 'subsample': 1.0}",0.831858407079646,0.852280462899932,0.8392370572207084,0.8337874659400545,0.8290190735694822,0.8372364933419647,0.008230053043270558,46
0.15214858055114747,0.010037874213435353,0.0038474559783935546,0.0005830533756500204,1.0,0.1,7,0.7,"{'colsample_bytree': 1.0, 'eta': 0.1, 'max_depth': 7, 'subsample': 0.7}",0.8379850238257318,0.8454731109598366,0.8371934604904632,0.8290190735694822,0.837874659400545,0.8375090656492118,0.005214705836700552,40
0.1459338665008545,0.011220698282867274,0.005341148376464844,0.0018234859851987534,1.0,0.1,7,0.8,"{'colsample_bytree': 1.0, 'eta': 0.1, 'max_depth': 7, 'subsample': 0.8}",0.8427501701837985,0.8495575221238938,0.8467302452316077,0.8283378746594006,0.8317438692098093,0.8398239362817019,0.00834529492571993,10
0.15845098495483398,0.011324317834328685,0.00519256591796875,0.0016921284177832472,1.0,0.1,7,1.0,"{'colsample_bytree': 1.0, 'eta': 0.1, 'max_depth': 7, 'subsample': 1.0}",0.8325391422736556,0.8454731109598366,0.8426430517711172,0.8283378746594006,0.8351498637602179,0.8368286086848457,0.00635366727003164,58
0.20086240768432617,0.013750074467524602,0.006808233261108398,0.0018935579362481458,1.0,0.1,8,0.7,"{'colsample_bytree': 1.0, 'eta': 0.1, 'max_depth': 8, 'subsample': 0.7}",0.8366235534377128,0.8454731109598366,0.8371934604904632,0.832425068119891,0.8331062670299727,0.8369642920075752,0.0046488177240935295,56
0.19995460510253907,0.020763198060220853,0.006049680709838867,0.001951107320807856,1.0,0.1,8,0.8,"{'colsample_bytree': 1.0, 'eta': 0.1, 'max_depth': 8, 'subsample': 0.8}",0.8379850238257318,0.8543226684819605,0.8385558583106267,0.829700272479564,0.8331062670299727,0.8387340180255712,0.00844841874086947,24
0.20165753364562988,0.009991921762127745,0.008289861679077148,0.0025434979316864633,1.0,0.1,8,1.0,"{'colsample_bytree': 1.0, 'eta': 0.1, 'max_depth': 8, 'subsample': 1.0}",0.8332198774676651,0.8481960517358748,0.8460490463215259,0.832425068119891,0.8303814713896458,0.8380543030069205,0.007492706969883147,36
0.26957311630249026,0.018903184266273024,0.007958984375,0.0024836469363878426,1.0,0.1,9,0.7,"{'colsample_bytree': 1.0, 'eta': 0.1, 'max_depth': 9, 'subsample': 0.7}",0.8400272294077604,0.8502382573179034,0.8358310626702997,0.8235694822888283,0.8371934604904632,0.8373718984350511,0.0085499319284366,44
0.2415912628173828,0.010484330844933226,0.007500600814819336,0.0018361460872177188,1.0,0.1,9,0.8,"{'colsample_bytree': 1.0, 'eta': 0.1, 'max_depth': 9, 'subsample': 0.8}",0.8434309053778081,0.8468345813478557,0.8460490463215259,0.8262942779291553,0.829700272479564,0.8384618166911819,0.008685329473689829,32
0.2524257659912109,0.01729856283912959,0.008264923095703125,0.002192669877644157,1.0,0.1,9,1.0,"{'colsample_bytree': 1.0, 'eta': 0.1, 'max_depth': 9, 'subsample': 1.0}",0.8345813478556842,0.8420694349897889,0.8412806539509536,0.8317438692098093,0.8228882833787466,0.8345127178769965,0.007010101891467782,93
0.271176815032959,0.010710572214680658,0.006791877746582031,0.0010613782411731335,1.0,0.1,10,0.7,"{'colsample_bytree': 1.0, 'eta': 0.1, 'max_depth': 10, 'subsample': 0.7}",0.8325391422736556,0.8495575221238938,0.8344686648501363,0.8283378746594006,0.8344686648501363,0.8358743737514445,0.007198655040876864,76
0.2882365703582764,0.005279557351751357,0.009476423263549805,0.004332705250018106,1.0,0.1,10,0.8,"{'colsample_bytree': 1.0, 'eta': 0.1, 'max_depth': 10, 'subsample': 0.8}",0.8379850238257318,0.8447923757658271,0.8385558583106267,0.8256130790190735,0.8331062670299727,0.8360105207902464,0.0063881118874190455,72
0.2749063968658447,0.018569791968347193,0.005813789367675781,0.0006759491144027144,1.0,0.1,10,1.0,"{'colsample_bytree': 1.0, 'eta': 0.1, 'max_depth': 10, 'subsample': 1.0}",0.8257317903335603,0.8502382573179034,0.8453678474114441,0.8249318801089919,0.8303814713896458,0.835330249312309,0.010466603824332718,83
0.04923458099365234,0.005182697416324327,0.0036096096038818358,0.0011850457211766078,1.0,0.3,3,0.7,"{'colsample_bytree': 1.0, 'eta': 0.3, 'max_depth': 3, 'subsample': 0.7}",0.8359428182437032,0.8481960517358748,0.8440054495912807,0.8174386920980926,0.832425068119891,0.8356016159577685,0.010670922271361814,79
0.04849157333374023,0.005361084887152943,0.0021436214447021484,0.00024869067018556783,1.0,0.3,3,0.8,"{'colsample_bytree': 1.0, 'eta': 0.3, 'max_depth': 3, 'subsample': 0.8}",0.8311776718856365,0.8502382573179034,0.8440054495912807,0.8235694822888283,0.8283378746594006,0.83546574714861,0.01001867104768553,81
0.04395437240600586,0.0045195600019590654,0.0018932819366455078,9.711886514117101e-05,1.0,0.3,3,1.0,"{'colsample_bytree': 1.0, 'eta': 0.3, 'max_depth': 3, 'subsample': 1.0}",0.8339006126616746,0.852280462899932,0.8426430517711172,0.8249318801089919,0.8419618528610354,0.8391435720605502,0.009189426284868196,19
0.06388258934020996,0.005381485169835423,0.0036582469940185545,0.0015060013831999226,1.0,0.3,4,0.7,"{'colsample_bytree': 1.0, 'eta': 0.3, 'max_depth': 4, 'subsample': 0.7}",0.8311776718856365,0.8515997277059224,0.8371934604904632,0.8181198910081744,0.8337874659400545,0.8343756434060502,0.010765051172086837,97
0.06759963035583497,0.006916882954644691,0.0027395248413085937,0.0011404495641574503,1.0,0.3,4,0.8,"{'colsample_bytree': 1.0, 'eta': 0.3, 'max_depth': 4, 'subsample': 0.8}",0.8427501701837985,0.8529611980939414,0.8331062670299727,0.8242506811989101,0.840599455040872,0.8387335543094989,0.009627674817335017,26
0.05986223220825195,0.007298688815783388,0.004853057861328125,0.00159490911669355,1.0,0.3,4,1.0,"{'colsample_bytree': 1.0, 'eta': 0.3, 'max_depth': 4, 'subsample': 1.0}",0.8386657590197413,0.853641933287951,0.840599455040872,0.837874659400545,0.8419618528610354,0.842548731922029,0.0057293569697223976,2
0.08301982879638672,0.011638168990892013,0.003482198715209961,0.001404619327803774,1.0,0.3,5,0.7,"{'colsample_bytree': 1.0, 'eta': 0.3, 'max_depth': 5, 'subsample': 0.7}",0.8325391422736556,0.853641933287951,0.8344686648501363,0.8269754768392371,0.829700272479564,0.8354650979461088,0.009436718897522798,82
0.09070048332214356,0.011995182445289243,0.003215932846069336,0.0010788326905635652,1.0,0.3,5,0.8,"{'colsample_bytree': 1.0, 'eta': 0.3, 'max_depth': 5, 'subsample': 0.8}",0.8373042886317222,0.8413886997957795,0.8331062670299727,0.8222070844686649,0.832425068119891,0.833286281609206,0.006408061549407835,109
0.08581624031066895,0.009350109790966054,0.0031585693359375,0.0010273554452450658,1.0,0.3,5,1.0,"{'colsample_bytree': 1.0, 'eta': 0.3, 'max_depth': 5, 'subsample': 1.0}",0.8345813478556842,0.8454731109598366,0.8371934604904632,0.8256130790190735,0.8426430517711172,0.837100810019235,0.006915722723067456,48
0.1292416572570801,0.009612744545931338,0.004147243499755859,0.0013530806803243394,1.0,0.3,6,0.7,"{'colsample_bytree': 1.0, 'eta': 0.3, 'max_depth': 6, 'subsample': 0.7}",0.8352620830496936,0.8400272294077604,0.8365122615803815,0.8249318801089919,0.8276566757493188,0.8328780259792291,0.005664031048589195,114
0.12034921646118164,0.00953922114651499,0.006178379058837891,0.0012664574364815626,1.0,0.3,6,0.8,"{'colsample_bytree': 1.0, 'eta': 0.3, 'max_depth': 6, 'subsample': 0.8}",0.8264125255275698,0.8454731109598366,0.8249318801089919,0.8262942779291553,0.8235694822888283,0.8293362553628765,0.008134545156047402,153
0.13192367553710938,0.014812172686539341,0.005650758743286133,0.0022613723036269766,1.0,0.3,6,1.0,"{'colsample_bytree': 1.0, 'eta': 0.3, 'max_depth': 6, 'subsample': 1.0}",0.8441116405718175,0.8447923757658271,0.8371934604904632,0.8256130790190735,0.8337874659400545,0.8370996043574472,0.007088959275267447,53
0.15662097930908203,0.009626678449346313,0.004970169067382813,0.0015837661548258135,1.0,0.3,7,0.7,"{'colsample_bytree': 1.0, 'eta': 0.3, 'max_depth': 7, 'subsample': 0.7}",0.8291354663036079,0.8502382573179034,0.829700272479564,0.8256130790190735,0.8201634877384196,0.8309701125717137,0.010214898643848624,136
0.15284690856933594,0.01959716479238169,0.005639886856079102,0.0018916235638115437,1.0,0.3,7,0.8,"{'colsample_bytree': 1.0, 'eta': 0.3, 'max_depth': 7, 'subsample': 0.8}",0.8332198774676651,0.8475153165418652,0.8242506811989101,0.8269754768392371,0.8303814713896458,0.8324685646874647,0.008112124183408453,117
0.13386268615722657,0.010333401858995495,0.005731773376464844,0.002974005574103806,1.0,0.3,7,1.0,"{'colsample_bytree': 1.0, 'eta': 0.3, 'max_depth': 7, 'subsample': 1.0}",0.8332198774676651,0.8393464942137508,0.8460490463215259,0.8235694822888283,0.8256130790190735,0.8335595958621689,0.008396897915798196,105
0.19061527252197266,0.00750530440447399,0.005778598785400391,0.0016598250208448707,1.0,0.3,8,0.7,"{'colsample_bytree': 1.0, 'eta': 0.3, 'max_depth': 8, 'subsample': 0.7}",0.8304969366916269,0.8373042886317222,0.8337874659400545,0.829700272479564,0.8181198910081744,0.8298817709502284,0.00646686032694657,148
0.17098007202148438,0.0066413275738130394,0.005099296569824219,0.0016449192278236576,1.0,0.3,8,0.8,"{'colsample_bytree': 1.0, 'eta': 0.3, 'max_depth': 8, 'subsample': 0.8}",0.8332198774676651,0.8407079646017699,0.837874659400545,0.8262942779291553,0.8256130790190735,0.8327419716836418,0.0060402613467282545,116
0.18163037300109863,0.02312370980895406,0.005342245101928711,0.0017576710846201687,1.0,0.3,8,1.0,"{'colsample_bytree': 1.0, 'eta': 0.3, 'max_depth': 8, 'subsample': 1.0}",0.8298162014976175,0.8461538461538461,0.8426430517711172,0.8290190735694822,0.8249318801089919,0.8345128106202109,0.008314421723259326,92
0.19987258911132813,0.009488826657319942,0.007337045669555664,0.0018010732781371223,1.0,0.3,9,0.7,"{'colsample_bytree': 1.0, 'eta': 0.3, 'max_depth': 9, 'subsample': 0.7}",0.831858407079646,0.8475153165418652,0.8276566757493188,0.8262942779291553,0.8215258855585831,0.8309701125717137,0.008905824595205508,136
0.21584553718566896,0.005620950958788431,0.00845785140991211,0.0026639603649712567,1.0,0.3,9,0.8,"{'colsample_bytree': 1.0, 'eta': 0.3, 'max_depth': 9, 'subsample': 0.8}",0.8366235534377128,0.8468345813478557,0.8365122615803815,0.8262942779291553,0.8215258855585831,0.8335581119707376,0.00885354536716409,108
0.21766457557678223,0.030805895692707506,0.007379865646362305,0.003130828685339901,1.0,0.3,9,1.0,"{'colsample_bytree': 1.0, 'eta': 0.3, 'max_depth': 9, 'subsample': 1.0}",0.8434309053778081,0.8468345813478557,0.8460490463215259,0.8242506811989101,0.8188010899182562,0.8358732608328714,0.01189418787388651,78
0.2115786552429199,0.019407014879890244,0.00881199836730957,0.0015136089328087756,1.0,0.3,10,0.7,"{'colsample_bytree': 1.0, 'eta': 0.3, 'max_depth': 10, 'subsample': 0.7}",0.8270932607215793,0.8366235534377128,0.8351498637602179,0.8283378746594006,0.8140326975476839,0.8282474500253189,0.008015010184729457,164
0.20867300033569336,0.03329592840761632,0.007680034637451172,0.002687885984625138,1.0,0.3,10,0.8,"{'colsample_bytree': 1.0, 'eta': 0.3, 'max_depth': 10, 'subsample': 0.8}",0.8250510551395507,0.8420694349897889,0.8344686648501363,0.8269754768392371,0.8215258855585831,0.830018103475459,0.007363273714652412,146
0.17928881645202638,0.03192379384982372,0.006094169616699219,0.001742373959997891,1.0,0.3,10,1.0,"{'colsample_bytree': 1.0, 'eta': 0.3, 'max_depth': 10, 'subsample': 1.0}",0.8352620830496936,0.8407079646017699,0.8358310626702997,0.8283378746594006,0.8201634877384196,0.8320604945439166,0.007136424330042664,119
